id,iata,icao,name,location,street_number,street,city,county,state,country_iso,country,postal_code,phone,latitude,longitude,uct,website
4585.0,MDZ,SAME,Gov. Francisco Gabrielli International Airport (El Plumerillo),"Mendoza, Mendoza, Argentina",,,,,,,,,,0.0,0.0,0.0,
3473.0,JPA,SBJP,Presidente Castro Pinto International Airport,"João Pessoa, Paraíba, Brazil",s/n,Aeroporto Internacional Presidente Castro Pinto,,João Pessoa,Paraíba,BR,Brazil,58308-901,+55 83 3041-4200,-7.146009,-34.948776,-180.0,http://www4.infraero.gov.br/aeroportos/aeroporto-internacional-de-joao-pessoa-presidente-castro-pinto/
8874.0,ZAZ,LEZG,Zaragoza Airport,"Zaragoza, Aragon, Spain",s/n,Ctra. Aeropuerto,Zaragoza,Zaragoza,Aragón,ES,Spain,50190,+34 976 71 23 00,41.661293,-1.0442499,120.0,http://www.aena.es/es/aeropuerto-zaragoza/index.html
3100.0,IAH,KIAH,George Bush Intercontinental Airport,"Houston, Texas, United States",2800,North Terminal Road,Houston,Harris County,Texas,US,United States,77032,+1 281-230-3100,29.99022,-95.336784,-300.0,http://www.fly2houston.com/
852.0,BNE,YBBN,Brisbane Airport,"Brisbane, Queensland, Australia",11,The Circuit,Brisbane Airport,Brisbane City,Queensland,AU,Australia,4008,+61 7 3406 3000,-27.394215,153.12183,600.0,http://www.bne.com.au/
4870.0,MPM,FQMA,Maputo International Airport,"Maputo, Mozambique",3267,Avenida Acordos De Lusaka,2631 Maputo,,Maputo,MZ,Mozambique,,+258 21 466 846,-25.92372,32.574867,120.0,http://www.aeroportos.co.mz/
4586.0,MEA,SBME,Benedito Lacerda Airport,"Macaé, Rio de Janeiro, Brazil",,,,,,,,,,0.0,0.0,0.0,
3398.0,JED,OEJN,King Abdulaziz International Airport,"Jeddah, Saudi Arabia",,,,,,,,,,0.0,0.0,0.0,
334.0,APU,SSAP,Apucarana Airport,"Apucarana, Paraná, Brazil",,,,Apucarana,Paraná,BR,Brazil,,,-23.608887,-51.38369,-180.0,
4537.0,MBZ,SWMW,Maués Airport,"Maués, Amazonas, Brazil",1593,Estrada São João,,Maués,Amazonas,BR,Brazil,69190-000,,-3.374394,-57.723732,-240.0,
6335.0,REC,SBRF,Recife/Guararapes–Gilberto Freyre International Airport,"Recife, Pernambuco, Brazil",s/n,Praça Ministro Salgado Filho,,Recife,Pernambuco,BR,Brazil,51210-902,+55 81 3322-4188,-8.125932,-34.924015,-180.0,http://www4.infraero.gov.br/aeroportos/aeroporto-internacional-do-recife-guararapes-gilberto-freyre/
5685.0,OST,EBOS,Ostend–Bruges International Airport,"Ostend / Bruges, Belgium",889,Nieuwpoortsesteenweg,Oostende,West-Vlaanderen,Vlaanderen,BE,Belgium,8400,+32 59 55 12 11,51.204193,2.8698127,120.0,http://www.luchthaven-oostendebrugge.com/
1254.0,CFB,SBCB,Cabo Frio International Airport,"Cabo Frio, Rio de Janeiro, Brazil",s/n,Estrada Velha do Arraial do Cabo,,Cabo Frio,Rio de Janeiro,BR,Brazil,28900-000,+55 22 2647-9500,-22.925629,-42.079235,-180.0,http://www.aeroportodecabofrio.com.br/
6876.0,SLZ,SBSL,Marechal Cunha Machado International Airport,"São Luís, Maranhão, Brazil",3503,Avenida dos Libaneses,,São Luís,Maranhão,BR,Brazil,65056-480,+55 98 3217-6100,-2.5849926,-44.23488,-180.0,http://www.infraero.gov.br/
7045.0,STD,SVSO,Mayor Buenaventura Vivas Airport,"Santo Domingo, Táchira, Venezuela",,,,Fernandez Feo,Táchira,VE,Venezuela,5032,,7.571383,-72.04406,-240.0,
410.0,ATL,KATL,Hartsfield–Jackson Atlanta International Airport,"Atlanta, Georgia, United States",6000,North Terminal Parkway,Atlanta,,Georgia,US,United States,30320,+1 800-897-1910,33.640728,-84.427704,-240.0,http://www.atl.com/
6778.0,SID,GVAC,Amílcar Cabral International Airport,"Sal, Cape Verde",,Aeroporto Internacional Amílcar Cabral,Espargos,,Sal,CV,Cape Verde,4110,+238 241 14 68,16.73458,-22.943975,-60.0,http://www.asa.cv/index.php?option=com_content&view=article&id=137&Itemid=58
4027.0,LAD,FNLU,Quatro de Fevereiro Airport,"Luanda, Angola",,,Luanda,Luanda,Luanda Province,AO,Angola,,+244 442 352 387,-8.847951,13.234862,60.0,http://angolaairport.net/
34.0,ABJ,DIAP,Port Bouet Airport (Felix Houphouet Boigny Int'l),"Abidjan, Côte d'Ivoire",,,Abidjan,Abidjan,Abidjan,CI,Côte d'Ivoire,,+225 21 75 79 00,5.2544694,-3.9296293,0.0,http://www.aeria-ci.com/
3248.0,IOS,SBIL,Ilhéus Jorge Amado Airport,"Ilhéus, Bahia, Brazil",S/N,Rua Brigadeiro Eduardo Gomes,,Ilhéus,Bahia,BR,Brazil,45654-070,+55 73 3234-4000,-14.814534,-39.032215,-180.0,http://ilheusairportjorgeamado.caracolpark.co/
4064.0,LBR,SWLB,Lábrea Airport,"Lábrea, Amazonas, Brazil",,,,Lábrea,Amazonas,BR,Brazil,69830-000,,-7.2824507,-64.77184,-240.0,
7845.0,URG,SBUG,Rubem Berta International Airport,"Uruguaiana, Rio Grande do Sul, Brazil",s/n,Acesso Marechal Setembrino de Carvalho,,Uruguaiana,Rio Grande do Sul,BR,Brazil,97513-780,+55 55 3413-1314,-29.783995,-57.0357,-180.0,http://www4.infraero.gov.br/aeroportos/aeroporto-internacional-de-uruguaiana-rubem-berta/
337.0,APX,SSOG,Arapongas Airport,"Arapongas, Paraná, Brazil",217,PR-218,,Sabáudia,Paraná,BR,Brazil,86720-000,+55 43 3274-9122,-23.352522,-51.491943,-180.0,
5011.0,MVD,SUMU,Carrasco Gral. Cesáreo L. Berisso International Airport,"Montevideo, Uruguay",,101,Ciudad de la Costa,,Departamento de Canelones,UY,Uruguay,14000,+598 2604 0329,-34.83682,-56.016518,-180.0,http://www.aeropuertodecarrasco.com.uy/
411.0,ATM,SBHT,Altamira Airport,"Altamira, Pará, Brazil",S/N,Avenida Tancredo Neves,,Altamira,Pará,BR,Brazil,68372-590,+55 93 3515-1976,-3.2535655,-52.24909,-180.0,http://www4.infraero.gov.br/aeroportos/aeroporto-de-altamira-para
6679.0,SDU,SBRJ,Santos Dumont Airport,"Rio de Janeiro, Rio de Janeiro, Brazil",s/n,Praça Senador Salgado Filho,,Rio de Janeiro,Rio de Janeiro,BR,Brazil,20021-340,+55 21 3814-7070,-22.911144,-43.164875,-180.0,http://www4.infraero.gov.br/aeroportos/aeroporto-do-rio-de-janeiro-santos-dumont/
2318.0,FLL,KFLL,Fort Lauderdale–Hollywood International Airport,"Fort Lauderdale / Hollywood, Florida, United States",100,Terminal Drive,Fort Lauderdale,Broward County,Florida,US,United States,33315,+1 954-359-1200,26.074234,-80.150604,-240.0,http://www.fll.net/
3882.0,KRT,HSSS,Khartoum International Airport,"Khartoum, Sudan",,,Khartoum,Khartoum,Khartoum,SD,Sudan,,,15.592767,32.552235,120.0,
1600.0,CVG,KCVG,Cincinnati/Northern Kentucky International Airport,"Hebron (near Cincinnati/OH), Kentucky, United States",3087,Terminal Drive,Hebron,Boone County,Kentucky,US,United States,41048,+1 859-767-3151,39.053276,-84.66302,-240.0,http://www.cvgairport.com/
4983.0,MTY,MMMY,General Mariano Escobedo International Airport,"Monterrey, Nuevo León, Mexico",,Carretera Miguel Alemán km 24,,,Nuevo León,MX,Mexico,66600,+52 81 8288 7700,25.777819,-100.10799,-300.0,http://www.oma.aero/es/aeropuertos/monterrey/
4606.0,MEU,SBMD,Serra do Areão Airport,"Monte Dourado, Pará, Brazil",,,,Almeirim,State of Pará,BR,Brazil,68230-000,,-0.8882582,-52.599552,-180.0,
7151.0,SXO,SWFX,São Félix do Araguaia Airport,"São Félix do Araguaia, Mato Grosso, Brazil",1408,Avenida Aldenor M da Cunha,,São Félix do Araguaia,Mato Grosso,BR,Brazil,78670-000,+55 66 3522-1680,-11.632422,-50.685997,-240.0,
119.0,AFL,SBAT,Alta Floresta Airport,"Alta Floresta, Mato Grosso, Brazil",,,,Alta Floresta,State of Mato Grosso,BR,Brazil,78580-000,+55 66 3521-2226,-9.872357,-56.105198,-240.0,
6143.0,PTQ,SNMZ,Porto de Moz Airport,"Porto de Moz, Pará, Brazil",,,,,,,,,,0.0,0.0,0.0,
4565.0,MDE,SKRG,José María Córdova International Airport,"Medellín, Colombia",,,,Rionegro,Antioquia,CO,Colombia,54047,+57 4 4025110,6.1707635,-75.42762,-300.0,http://www.aeropuertorionegro.co/
7166.0,SYD,YSSY,Sydney Airport (Kingsford Smith Airport),"Sydney, New South Wales, Australia",,,Sydney,,New South Wales,AU,Australia,2020,+61 2 9667 9111,-33.939922,151.17528,660.0,http://www.sydneyairport.com.au/
212.0,AKL,NZAA,Auckland Airport,"Auckland, New Zealand",,Ray Emery Drive,Auckland,,Auckland,NZ,New Zealand,2022,+64 9-275 0789,-37.008247,174.78503,780.0,http://www.aucklandairport.co.nz/
2298.0,FIH,FZAA,N'djili Airport (Kinshasa Int'l Airport),"Kinshasa, Democratic Republic of the Congo",,,Kinshasa,Mont Amba,Kinshasa,CD,Democratic Republic of the Congo,,,-4.404734,15.377524,60.0,
6675.0,SDQ,MDSD,Las Américas International Airport,"Santo Domingo, Dominican Republic",,Ruta 66,Santo Domingo,,Santo Domingo,DO,Dominican Republic,,+1 809-947-2225,18.431953,-69.6721,-240.0,http://www.aerodom.com/app/do/frontpage.aspx
1629.0,CXJ,SBCX,Caxias do Sul Airport (Hugo Cantergiani Regional Airport),"Caxias do Sul, Rio Grande do Sul, Brazil",3451,Avenida Salgado Filho,,Caxias do Sul,Rio Grande do Sul,BR,Brazil,95098-420,+55 54 3901-1219,-29.19492,-51.18693,-180.0,http://www.transportes.rs.gov.br/dap
7767.0,UIO,SEQM,Mariscal Sucre International Airport,"Quito, Ecuador",,,Quito,Distrito Metropolitano de Quito,Pichincha,EC,Ecuador,170183,+593 2-395-4200,-0.1243826,-78.36049,-300.0,http://aeropuertoquito.aero/
7252.0,TBT,SBTT,Tabatinga International Airport,"Tabatinga, Amazonas, Brazil",s/n,Praça Marechal-do-ar Eduardo Gomes,,Tabatinga,Amazonas,BR,Brazil,69640-000,+55 97 3412-1100,-4.25038,-69.93939,-240.0,http://www.infraero.gov.br/
6003.0,PMW,SBPJ,Palmas–Brigadeiro Lysias Rodrigues Airport,"Palmas, Tocantins, Brazil",s/n,Avenida Joaquim Teotônio Segurado,,Palmas,Tocantins,BR,Brazil,,+55 63 3219-3700,-10.295659,-48.35811,-180.0,http://www.infraero.gov.br/
1343.0,CJC,SCCF,El Loa Airport,"Calama, Chile",,,Calama,El Loa,Región de Antofagasta,CL,Chile,,,-22.49511,-68.907906,-180.0,http://www.avis.cl/sucursal/calama
583.0,BCN,LEBL,Barcelona–El Prat Airport,"Barcelona, Catalonia, Spain",,,El Prat de Llobregat,Barcelona,Catalonia,ES,Spain,8820,+34 902 40 47 04,41.297443,2.0832942,120.0,http://www.aena-aeropuertos.es/csee/Satellite/Aeropuerto-Barcelona
4202.0,LIS,LPPT,Lisbon Portela Airport,"Lisbon, Portugal",,Alameda das Comunidades Portuguesas,Lisboa,,Lisboa,PT,Portugal,1700-111,+351 21 841 3500,38.775593,-9.135366,60.0,http://www.ana.pt/pt-PT/Aeroportos/Lisboa/Lisboa/Paginas/HomeLisboa.aspx
3531.0,KAN,DNKN,Mallam Aminu Kano International Airport,"Kano, Nigeria",,Sani Abacha Way,Kano,,Kano,NG,Nigeria,,,12.04565,8.522076,60.0,http://www.faan.gov.ng/mallam-aminu-kano-international-airport/
3420.0,JIA,SWJN,Juína Airport,"Juína, Mato Grosso, Brazil",,,,Juína,State of Mato Grosso,BR,Brazil,78320-000,,-11.417905,-58.708218,-240.0,
5978.0,PLU,SBBH,Belo Horizonte/Pampulha – Carlos Drummond de Andrade Airport,"Belo Horizonte, Minas Gerais, Brazil",204,Praça Bagatelle,,Belo Horizonte,Minas Gerais,BR,Brazil,31270-705,+55 31 3490-2000,-19.849848,-43.95489,-180.0,http://www4.infraero.gov.br/aeroportos/aeroporto-de-belo-horizonte-pampulha-carlos-drummond-de-andrade/
1162.0,CBB,SLCB,Jorge Wilstermann International Airport,"Cochabamba, Bolivia",,,Cochabamba,Cercado,Cochabamba Department,BO,Bolivia,,+591 4 4120400,-17.417048,-66.17871,-240.0,
947.0,BRU,EBBR,Brussels Airport (Zaventem Airport),"Brussels, Belgium",,Leopoldlaan,Zaventem,Vlaams-Brabant,Vlaanderen,BE,Belgium,1930,+32 2 753 77 53,50.900997,4.4855742,120.0,http://www.brusselsairport.be/
7913.0,VAG,SBVG,Major Brigadeiro Trompowsky Airport,"Varginha, Minas Gerais, Brazil",,Avenida José Ribeiro Tristão,,Varginha,Minas Gerais,BR,Brazil,37077,+55 35 3690-2264,-21.588762,-45.47623,-180.0,http://www.aeroportosdobrasil.com.br/minas_gerais_mg/varginha_mg/aeroporto_varginha_mg.php
7651.0,TUR,SBTU,Tucuruí Airport,"Tucuruí, Pará, Brazil",s/n,"Estrada do Aeroporto, Km 5",,Tucuruí,Pará,BR,Brazil,68458-970,+55 94 3787-2522,-3.78601,-49.7203,-180.0,http://www.aerolisos.com.br/encontros/tucurui-2013/_tucurui-2013.htm
4133.0,LET,SKLT,Alfredo Vásquez Cobo International Airport,"Leticia, Colombia",,Avenida Vasquez Cobo,,Leticia,Amazonas,CO,Colombia,,,-4.1911407,-69.941414,-240.0,
8551.0,YHM,CYHM,John C. Munro Hamilton International Airport,"Hamilton, Ontario, Canada",9300,Airport Road,Hamilton,Hamilton Division,Ontario,CA,Canada,L0R 1W0,+1 905-679-1999,43.17167,-79.927666,-240.0,http://flyhamilton.ca/
1200.0,CCS,SVMI,Simón Bolívar International Airport,"Caracas, Venezuela",,,Maiquetía,Vargas,Vargas,VE,Venezuela,1162,+58 424-2067470,10.597259,-67.00534,-240.0,http://www.aeropuerto-maiquetia.com.ve/
538.0,BAQ,SKBQ,Ernesto Cortissoz International Airport,"Barranquilla, Colombia",,,,Soledad,Atlántico,CO,Colombia,,+57 5 3160900,10.886601,-74.77643,-300.0,http://aeropuertobaq.com/
1911.0,DSS,GOBD,Blaise Diagne International Airport,"Dakar, Senegal",,,Ndiass,,Thiès Region,SN,Senegal,,+221 33 939 69 00,14.670855,-17.067347,0.0,http://www.dakaraeroport.com/
4598.0,MEM,KMEM,Memphis International Airport,"Memphis, Tennessee, United States",2491,Winchester Road,Memphis,Shelby County,Tennessee,US,United States,38116,+1 901-922-8000,35.04207,-89.97917,-300.0,http://www.flymemphis.com/
3081.0,HYD,VOHS,Rajiv Gandhi International Airport,"Hyderabad, Telangana, India",,,Hyderabad,Ranga Reddy,Telangana,IN,India,500409,+91 40 6654 6370,17.240263,78.42938,330.0,http://www.hyderabad.aero/
2500.0,GDL,MMGL,Guadalajara International Airport (Miguel Hidalgo y Costilla Int'l),"Guadalajara, Jalisco, Mexico",,Carr. Guadalajara Chapala Km 17.5,,,Jalisco,MX,Mexico,45659,+52 33 3688 5248,20.525955,-103.307625,-300.0,http://www.aeropuertosgap.com.mx/es/guadalajara
953.0,BSB,SBBR,Brasília International Airport (Presidente J. Kubitschek Int'l Airport),"Brasília, Distrito Federal, Brazil",,Lago Sul,,Brasília,Distrito Federal,BR,Brazil,71608-900,+55 61 3364-9000,-15.869737,-47.917236,-180.0,http://www.bsb.aero/
1255.0,CFC,SBCD,Caçador Airport,"Caçador, Santa Catarina, Brazil",s/n,Rodovia Avelino Mandeli,,Caçador,Santa Catarina,BR,Brazil,89500-000,,-26.790958,-50.94152,-180.0,
8012.0,VLN,SVVA,Arturo Michelena International Airport,"Valencia, Venezuela",,,,,,,,,,0.0,0.0,0.0,
8322.0,XAP,SBCH,Serafin Enoss Bertaso Airport,"Chapecó, Santa Catarina, Brazil",4535D,Acesso Florenal Ribeiro,,Chapecó,Santa Catarina,BR,Brazil,89815-900,+55 49 3322-1034,-27.134077,-52.66066,-180.0,http://www.chapeco.sc.gov.br/
510.0,AZA,KIWA,Phoenix–Mesa Gateway Airport (FAA: IWA),"Phoenix, Arizona, United States",6033,South Sossaman Road,Mesa,Maricopa County,Arizona,US,United States,85212,+1 480-988-7600,33.306534,-111.66255,-420.0,http://www.gatewayairport.com/
53.0,ACC,DGAA,Kotoka International Airport,"Accra, Ghana",,Airport Road,Accra,Accra Metropolis,Greater Accra Region,GH,Ghana,,+233 30 277 6171,5.6060953,-0.1681235,0.0,http://www.gacl.com.gh/
8981.0,ALT,SDWQ,Alenquer Airport,"Alenquer, Pará, Brazil",,Alameda das Comunidades Portuguesas,Alenquer,,Pará,BR,Brazil,,,-1.93889,-54.7472,-240.0,
1467.0,COR,SACO,Ingeniero Aeronáutico Ambrosio L.V. Taravella International Airport (Pajas Blancas),"Córdoba, Córdoba, Argentina",,,ICAO,,Córdoba,AR,Argentina,,+54 351 475-0881,-31.315437,-64.21232,-180.0,http://www.aa2000.com.ar/
7359.0,THE,SBTE,Teresina–Senador Petrônio Portella Airport,"Teresina, Piauí, Brazil",,,,Teresina,Piauí,BR,Brazil,64006-700,+55 86 3133-6270,-5.063463,-42.82119,-180.0,http://www4.infraero.gov.br/aeroportos/aeroporto-de-teresina-senador-petronio-portella/
3455.0,JNB,FAOR,O. R. Tambo International Airport,"Johannesburg, South Africa",1,Jones Road,Johannesburg,East Rand,Gauteng,ZA,South Africa,1632,+27 11 921 6262,-26.136673,28.241146,120.0,http://www.acsa.co.za/airports/or-tambo-international
242.0,ALQ,SSLT,Alegrete Airport,"Alegrete, Rio Grande do Sul, Brazil",,,,Alegrete,Rio Grande do Sul,BR,Brazil,,,-29.817083,-55.89244,-180.0,
6182.0,PVH,SBPV,Governador Jorge Teixeira de Oliveira International Airport,"Porto Velho, Rondônia, Brazil",S/N,Avenida Governador Jorge Teixeira,,Porto Velho,Rondônia,BR,Brazil,76803-970,+55 69 3219-7450,-8.71417,-63.89832,-240.0,
1857.0,DOH,OTHH,Hamad International Airport,"Doha, Qatar",,,Doha,,Doha,QA,Qatar,,+974 4010 6666,25.260595,51.613766,180.0,http://www.dohahamadairport.com/
442.0,AUS,KAUS,Austin–Bergstrom International Airport,"Austin, Texas, United States",3600,Presidential Boulevard,Austin,Travis County,Texas,US,United States,78719,+1 512-530-2242,30.197472,-97.66635,-300.0,http://www.austintexas.gov/airport/
3434.0,JJG,SBJA,Humberto Ghizzo Bortoluzzi Regional Airport,"Jaguaruna, Santa Catarina, Brazil",,,,Jaguaruna,Santa Catarina,BR,Brazil,88715-000,+55 48 3624-8824,-28.676765,-49.066345,-180.0,http://www.rdlaeroportos.com.br/
3465.0,JOI,SBJV,Joinville-Lauro Carneiro de Loyola Airport,"Joinville, Santa Catarina, Brazil",9000,Avenida Santos Dumont,,Joinville,Santa Catarina,BR,Brazil,89223-600,+55 47 3417-4000,-26.224194,-48.801685,-180.0,http://www4.infraero.gov.br/aeroportos/aeroporto-de-joinville-lauro-carneiro-de-loyola/
2886.0,HHN,EDFH,Frankfurt–Hahn Airport,"Hahn, Rhineland-Palatinate, Germany",,,Hahn-Flughafen,,Rheinland-Pfalz,DE,Germany,55483,+49 6543 509113,49.9429,7.262953,120.0,http://www.hahn-airport.de/
3702.0,KIN,MKJP,Norman Manley International Airport,"Kingston, Jamaica",,,,,Kingston Parish,JM,Jamaica,,+1 876-924-8452,17.937174,-76.778305,-300.0,http://www.nmia.aero/
2214.0,EWR,KEWR,Newark Liberty International Airport,"Newark, New Jersey, United States",3,Brewster Road,Newark,,New Jersey,US,United States,7114,+1 973-961-6000,40.689533,-74.17446,-240.0,http://www.panynj.gov/airports/newark-liberty.html
901.0,BPG,SBBW,Barra do Garças Airport,"Barra do Garças, Mato Grosso, Brazil",,,,Barra do Garças,Mato Grosso,BR,Brazil,78600-000,+55 66 98404-7588,-15.858338,-52.39055,-240.0,http://www.voeazul.com.br/
6811.0,SJK,SBSJ,Professor Urbano Ernesto Stumpf Airport,"São José dos Campos, São Paulo, Brazil",1941,Avenida Brigadeiro Faria Lima,,São José dos Campos,São Paulo,BR,Brazil,12227-000,+55 12 3946-3000,-23.225304,-45.861576,-180.0,http://www.infraero.gov.br/
1149.0,CAN,ZGGG,Guangzhou Baiyun International Airport,"Guangzhou, Guangdong, China",,,Guangzhou,,Guangdong,CN,China,,+86 20 3606 6999,23.395908,113.30797,480.0,http://www.baiyunairport.com/
6929.0,SOD,SDCO,Bertram Luiz Leupolz–Sorocaba Airport,"Sorocaba, São Paulo, Brazil",s/n,Avenida Santos Dumont,,Sorocaba,São Paulo,BR,Brazil,18065-290,+55 15 3223-3333,-23.48182,-47.48626,-180.0,http://www.daesp.sp.gov.br/aeroporto-detalhe/?id=893
2363.0,FOR,SBFZ,Pinto Martins – Fortaleza International Airport,"Fortaleza, Ceará, Brazil",,,,Fortaleza,Ceará,BR,Brazil,60741-900,+55 85 3392-1200,-3.7771554,-38.533096,-180.0,http://www.infraero.gov.br/index.php/br/aeroportos/ceara/aeroporto-internacional-pinto-martins.html
3495.0,JUA,SIZX,Inácio Luís do Nascimento Airport,"Juara, Mato Grosso, Brazil",5,Avenida Rio Arinos,,Juara,Mato Grosso,BR,Brazil,78575-000,+55 66 99648-3870,-11.298683,-57.545204,-240.0,
7325.0,TFF,SBTF,Tefé Airport,"Tefé, Amazonas, Brazil",,,Tefé,Tefé,Amazonas,BR,Brazil,69470-000,,-3.380402,-64.7251,-240.0,http://www4.infraero.gov.br/aeroportos/aeroporto-de-tefe/
1386.0,CLO,SKCL,Alfonso Bonilla Aragón International Airport,"Cali, Colombia",,Vía al Aeropuerto Norte,Palmira,Palmira,Valle del Cauca,CO,Colombia,763537,+57 2 2801515,3.5439613,-76.38406,-300.0,http://www.aerocali.com.co/
5666.0,ORX,SNOX,Oriximiná Airport,"Oriximiná, Pará, Brazil",,Rua Barão do Rio Branco,,Oriximiná,Pará,BR,Brazil,68270-000,,-1.4855014,-56.390137,-180.0,
8847.0,YYZ,CYYZ,Toronto Pearson International Airport,"Toronto, Ontario, Canada",6301,Silver Dart Drive,Mississauga,,Ontario,CA,Canada,L5P 1B2,+1 416-247-7678,43.67772,-79.62482,-240.0,http://www.torontopearson.com/
4095.0,LDB,SBLO,Londrina–Governador José Richa Airport,"Londrina, Paraná, Brazil",300,Rua Tenente João Maurício Medeiros,,Londrina,Paraná,BR,Brazil,86039-100,+55 43 3027-9000,-23.328579,-51.13799,-180.0,http://www4.infraero.gov.br/aeroportos/aeroporto-de-londrina-governador-jose-richa/
8079.0,VVI,SLVR,Viru Viru International Airport,"Santa Cruz de la Sierra, Bolivia",,Avenida G77,Santa Cruz de la Sierra,,Departamento de Santa Cruz,BO,Bolivia,,+591 3 3385000,-17.64312,-63.140755,-240.0,http://www.sabsa.aero/
4963.0,MTE,SNMA,Monte Alegre Airport,"Monte Alegre, Pará, Brazil",678-854,Avenida Desembargador Inácio Guilhon,,Monte Alegre,Pará,BR,Brazil,68220-000,,-1.9937029,-54.068874,-180.0,http://www.emsampa.com.br/aeroportos/para_monte_alegre.htm
128.0,AGA,GMAD,Agadir–Al Massira Airport,"Agadir, Morocco",,,Agadir Al Massira,إنزكان-أيت ملول,جهة سوس ماسة,MA,Morocco,80000,+212 5288-39152,30.327028,-9.4128895,60.0,http://www.agadir-airport.com/
929.0,BRA,SNBR,Barreiras Airport,"Barreiras, Bahia, Brazil",204,Rua Anapolina,,Barreiras,Bahia,BR,Brazil,47806-470,+55 77 3611-2361,-12.078983,-45.0102,-180.0,
3290.0,ISL,LTFM,Istanbul New Airport,"Istanbul, Turkey",,,,Bakırköy,Istanbul,TR,Turkey,34149,+90 212 463 30 00,40.98299,28.810442,180.0,http://www.ataturkairport.com/
5683.0,OSR,LKMT,Leoš Janáček Airport Ostrava,"Ostrava, Czech Republic",,,Mošnov,Nový Jičín,Moravskoslezský kraj,CZ,Czechia,742 51,+420 597 471 136,49.69696,18.116503,120.0,http://www.airport-ostrava.cz
4157.0,LGG,EBLG,Liège Airport,"Liège, Belgium",,Rue de l’Aéroport,Grâce-Hollogne,Liège,Wallonie,BE,Belgium,4460,+32 4 234 84 11,50.64116,5.4479117,120.0,http://www.liegeairport.com/
4686.0,MIA,KMIA,Miami International Airport,"Miami, Florida, United States",2100,NW 42nd Ave,Miami,Miami-Dade County,Florida,US,United States,33126,+1 305-876-7000,25.795864,-80.28705,-240.0,http://www.miami-airport.com/
5922.0,PIN,SWPI,Júlio Belém Airport,"Parintins, Amazonas, Brazil",1,Estr. Odovaldo Novo,,Parintins,Amazonas,BR,Brazil,69152-470,+55 92 3533-2700,-2.669512,-56.76967,-240.0,
7679.0,TXF,SNTF,Teixeira de Freitas Airport (9 de maio Airport),"Teixeira de Freitas, Bahia, Brazil",,Rua Santo Antônio,,Teixeira de Freitas,Bahia,BR,Brazil,45320-000,+55 71 99670-9061,-17.522982,-39.66908,-180.0,https://www.facebook.com/aeroportodeteixeiradefreitas
4718.0,MJI,HLLM,Mitiga International Airport,"Tripoli, Libya",,,Tripoli,,Tripoli District,LY,Libya,,,32.893585,13.275945,120.0,https://www.facebook.com/MitigaAirport/
4642.0,MGF,SBMG,Sílvio Name Júnior Regional Airport,"Maringá, Paraná, Brazil",S/n,Avenida Doutor Vladimir Babkov,,Maringá,Paraná,BR,Brazil,,+55 44 3366-3838,-23.48028,-52.011982,-180.0,http://www.aeroportomaringa.com.br/
6054.0,PPB,SBDN,Presidente Prudente Airport,"Presidente Prudente, São Paulo, Brazil",s/nº,"Assis Chateaubriand, km 459",,Presidente Prudente,São Paulo,BR,Brazil,19053-680,+55 18 3222-8099,-22.17834,-51.417664,-180.0,http://www.daesp.sp.gov.br/aeroporto-detalhe/?id=879
4561.0,MCZ,SBMO,Zumbi dos Palmares International Airport,"Maceió, Alagoas, Brazil",104,Rodovia BR,,Rio Largo,Alagoas,BR,Brazil,57100-971,+55 82 3036-5200,-9.511861,-35.793182,-180.0,http://www4.infraero.gov.br/
1288.0,CGR,SBCG,Campo Grande International Airport,"Campo Grande, Mato Grosso do Sul, Brazil",s/n,Av. Duque de Caxias,,Campo Grande,Mato Grosso do Sul,BR,Brazil,79101-901,+55 67 3368-6000,-20.468693,-54.67412,-240.0,http://www4.infraero.gov.br/aeroportos/aeroporto-internacional-de-campo-grande/
3406.0,JFK,KJFK,John F. Kennedy International Airport,"New York City, New York, United States",,,,Queens County,New York,US,United States,11430,+1 718-244-4444,40.64131,-73.77814,-240.0,https://www.jfkairport.com/
4609.0,MEX,MMMX,Mexico City International Airport,"Mexico City, Mexico",S/N,Av Capitan Carlos León,Ciudad de México,,Ciudad de México,MX,Mexico,15620,+52 55 2482 2400,19.436077,-99.07191,-300.0,http://www.aicm.com.mx/
888.0,BOS,KBOS,Logan International Airport,"Boston, Massachusetts, United States",1,Harborside Drive,Boston,Suffolk County,Massachusetts,US,United States,2128,+1 800-235-6426,42.365612,-71.00956,-240.0,http://www.massport.com/logan-airport
6160.0,PUJ,MDPC,Punta Cana International Airport,"Punta Cana, Dominican Republic",,Carretera Aeropuerto,Punta Cana,,La Altagracia,DO,Dominican Republic,23000,+1 809-959-2376,18.562244,-68.368355,-240.0,http://www.puntacanainternationalairport.com/
7055.0,STN,EGSS,London Stansted Airport,"London, England, United Kingdom",,Bassingbourn Road,,Essex,England,GB,United Kingdom,CM24 1QW,+44 808 169 7031,51.886017,0.2388661,60.0,https://www.stanstedairport.com/
7941.0,VCP,SBKP,Viracopos/Campinas International Airport,"São Paulo / Campinas, São Paulo, Brazil",km 66,Rodovia Santos Dumont,,Campinas,São Paulo,BR,Brazil,13055-900,+55 19 3725-5000,-23.008205,-47.13757,-180.0,http://www.viracopos.com/
107.0,AEP,SABE,Jorge Newbery Airpark,"Buenos Aires, Argentina",s/n,Avenida Costanera Rafael Obligado,,Comuna 14,Buenos Aires,AR,Argentina,C1425,+54 11 5480-6111,-34.55803,-58.417007,-180.0,http://www.aa2000.com.ar/
2754.0,GUZ,SNGA,Guarapari Airport,"Guarapari, Espírito Santo, Brazil",187,Avenida Padre José Anchieta,,Guarapari,Espírito Santo,BR,Brazil,29215-250,+55 27 3361-2813,-20.647001,-40.490875,-180.0,
1373.0,CKY,GUCY,Conakry International Airport (Gbessia Int'l Airport),"Conakry, Guinea",,N1,Conakry,,Conakry,GN,Guinea,,+224 627 09 95 57,9.575655,-13.62017,0.0,http://www.aeroportdeconakry.com/
2817.0,HAV,MUHA,José Martí International Airport,"Havana, Cuba",,Avenida Rancho Boyeros,La Habana,Boyeros,,CU,Cuba,,+53 7 2664644,22.991543,-82.41008,-240.0,https://www.ecured.cu/Aeropuerto_Internacional_Jos%C3%A9_Mart%C3%AD
3020.0,HSV,KHSV,Huntsville International Airport (Carl T. Jones Field),"Huntsville, Alabama, United States",1000,Glenn Hearn Boulevard Southwest,Huntsville,Madison County,Alabama,US,United States,35824,+1 256-772-9395,34.64033,-86.77569,-300.0,http://www.hsvairport.org/
1105.0,BYO,SBDB,Bonito Airport,"Bonito, Mato Grosso do Sul, Brazil",s/n,MS-178,,Bonito,Mato Grosso do Sul,BR,Brazil,79290-000,+55 67 3255-3222,-21.243193,-56.44983,-240.0,http://www.portalbonito.com.br/servicos/informacoes
2320.0,FLN,SBFL,Hercílio Luz International Airport,"Florianópolis, Santa Catarina, Brazil",3393,Avenida Deputado Diomício Freitas,,Florianópolis,Santa Catarina,BR,Brazil,88047-900,+55 48 3331-4000,-27.670118,-48.545967,-180.0,http://www.infraero.gov.br/index.php/br/aeroportos/santa-catarina/aeroporto-internacional-de-florianopolis.html
3217.0,IMP,SBIZ,Imperatriz Airport (Prefeito Renato Moreira Airport),"Imperatriz, Maranhão, Brazil",S/N,Avenida Moacyr Spósito Ribeiro,,Imperatriz,Maranhão,BR,Brazil,65913-415,+55 99 3524-4555,-5.5316944,-47.45607,-180.0,http://www4.infraero.gov.br/
1141.0,CAF,SWCA,Carauari Airport,"Carauari, Amazonas, Brazil",600-628,Avenida Dom Pedro Segundo,,Carauari,Amazonas,BR,Brazil,69500-000,,-4.8755007,-66.89916,-240.0,
1028.0,BVB,SBBV,Boa Vista International Airport,"Boa Vista, Roraima, Brazil",,,,Boa Vista,State of Roraima,BR,Brazil,,+55 95 3198-0144,2.8419237,-60.69259,-240.0,http://www.infraero.gov.br/
4694.0,MII,SBML,Frank Miloye Milenkowichi–Marília State Airport,"Marília, São Paulo, Brazil",2100,Avenida Brigadeiro Eduardo Gomes,,Marília,São Paulo,BR,Brazil,17514-050,+55 14 3433-4066,-22.19709,-49.92981,-180.0,
447.0,AUX,SWGN,Araguaína Airport,"Araguaína, Tocantins, Brazil",280,Avenida Dionísio Farias,,Araguaína,Tocantins,BR,Brazil,65907-230,+55 63 99291-8995,-7.2283916,-48.240532,-180.0,
393.0,ASU,SGAS,Silvio Pettirossi International Airport,"Asunción, Paraguay",,Autopista Silvio Pettisossi,Luque,,Departamento Central,PY,Paraguay,,+595 21 688 2000,-25.241512,-57.514183,-180.0,http://www.dinac.gov.py/v2/index.php?option=com_k2&view=itemlist&task=category&id=49:aeropuerto-internacional-silvio-pettirossi&Itemid=205
4486.0,MAA,VOMM,Chennai International Airport,"Chennai, Tamil Nadu, India",,GST Rd,Chennai,,Tamil Nadu,IN,India,600027,+91 44 2256 0551,12.994112,80.17087,330.0,https://www.aai.aero/en/airports/chennai
5426.0,NVT,SBNF,Navegantes–Ministro Victor Konder International Airport,"Navegantes, Santa Catarina, Brazil",1297,Rua Osmar Gaya,,Navegantes,Santa Catarina,BR,Brazil,88372-900,+55 47 3342-9200,-26.880535,-48.649086,-180.0,http://www4.infraero.gov.br/aeroportos/aeroporto-internacional-de-navegantes-ministro-victor-konder/
6154.0,PUC,KPUC,Carbon County Regional Airport,"Price, Utah, United States",3095,Airport Road,Price,Carbon County,Utah,US,United States,84501,+1 435-637-9556,39.61092,-110.752785,-360.0,http://redtailfbo.com/
1340.0,CIZ,SWKO,Coari Airport,"Coari, Amazonas, Brazil",,,,Coari,State of Amazonas,BR,Brazil,69460-000,,-4.88428,-65.349144,-240.0,
2090.0,EMA,EGNX,East Midlands Airport,"Nottingham / Leicester / Derby, England, United Kingdom",,,Castle Donington,Leicestershire,England,GB,United Kingdom,DE74 2SA,+44 808 169 7032,52.829372,-1.332134,60.0,http://www.eastmidlandsairport.com/
5071.0,MXP,LIMC,Milan–Malpensa Airport,"Milan, Lombardy, Italy",,,,Province of Varese,Lombardy,IT,Italy,21010,+39 02 232323,45.630062,8.725531,120.0,http://www.milanomalpensa-airport.com/
8988.0,NAT,SBSG,São Gonçalo do Amarante–Governador Aluízio Alves International Airport,"Natal, Rio Grande do Norte, Brazil",,,,São Gonçalo do Amarante,Rio Grande do Norte,BR,Brazil,59290-000,+55 84 3343-6060,-5.7679067,-35.364033,-180.0,http://www.natal.aero/
5013.0,MVF,SBMS,Gov. Dix-Sept Rosado Airport,"Mossoró, Rio Grande do Norte, Brazil",,,,,,,,,,0.0,0.0,0.0,
1213.0,CDG,LFPG,Charles de Gaulle Airport (Roissy Airport),"Paris, Île-de-France, France",,,Roissy-en-France,,Île-de-France,FR,France,95700,+33 1 70 36 39 50,49.00969,2.5479245,120.0,http://www.parisaeroport.fr/
5853.0,PEK,ZBAA,Beijing Capital International Airport,"Beijing, China",,,,,Beijing,CN,China,,+86 10 96158,40.079857,116.60311,480.0,http://www.bcia.com.cn/
6029.0,POA,SBPA,Salgado Filho International Airport,"Porto Alegre, Rio Grande do Sul, Brazil",,,,Porto Alegre,State of Rio Grande do Sul,BR,Brazil,,+55 51 3358-2000,-29.993473,-51.17538,-180.0,http://www4.infraero.gov.br/aeroportos/aeroporto-internacional-de-porto-alegre-salgado-filho/
7493.0,TNA,ZSJN,Jinan Yaoqiang International Airport,"Jinan, Shandong, China",1,机场路,Jinan Shi,,Shandong Sheng,CN,China,,+86 531 96888,36.8572,117.216,480.0,http://www.jnairport.com/
7054.0,STM,SBSN,Santarém-Maestro Wilson Fonseca Airport,"Santarém, Pará, Brazil",s/n,Praça Eduardo Gomes,,Santarém,Pará,BR,Brazil,,+55 93 3522-4328,-2.4248295,-54.786243,-180.0,http://www4.infraero.gov.br/aeroportos/aeroporto-de-santarem-maestro-wilson-fonseca/
7053.0,STL,KSTL,Lambert–St. Louis International Airport,"St. Louis, Missouri, United States",10701,Lambert International Boulevard,St. Louis,St. Louis County,Missouri,US,United States,63145,+1 314-890-1333,38.751648,-90.37153,-300.0,http://www.flystl.com/
3122.0,ICN,RKSI,Incheon International Airport,"Seoul, South Korea",272,,,,Incheon,KR,South Korea,,+82 1577-2600,37.46019,126.4407,540.0,http://www.airport.kr/
4637.0,MGA,MNMG,Augusto C. Sandino International Airport,"Managua, Nicaragua",Km. 11,Carretera Norte,Managua,,Departamento de Managua,NI,Nicaragua,,+505 2276 9180,12.144651,-86.17132,-360.0,http://www.eaai.com.ni/
757.0,BJL,GBYD,Banjul International Airport,"Banjul, Gambia",,,Yundum,Kombo North,West Coast Region,GM,The Gambia,,+220 447 3000,13.34406,-16.6522,0.0,http://www.banjulairport.com/
6484.0,ROS,SAAR,Rosario – Islas Malvinas International Airport,"Rosario, Santa Fe, Argentina",s/n,Avenida Jorge Newbery,Rosario,Rosario,Santa Fe,AR,Argentina,S2000,+54 341 451-3220,-32.916885,-60.78039,-180.0,http://aeropuertorosario.com/
6596.0,SAL,MSLP,Monseñor Óscar Arnulfo Romero International Airport,"San Salvador, El Salvador",,RN-5,San Salvador,,La Paz,SV,El Salvador,,+503 2349 9455,13.445138,-89.05704,-360.0,
7721.0,UBA,SBUR,Mário de Almeida Franco Airport,"Uberaba, Minas Gerais, Brazil",,Avenida Nenê Sabino,,Uberaba,Minas Gerais,BR,Brazil,38050-400,+55 34 3319-9400,-19.76504,-47.96185,-180.0,http://www4.infraero.gov.br/aeroportos/aeroporto-de-uberaba-mario-de-almeida-franco/
6812.0,SJL,SBUA,São Gabriel da Cachoeira Airport,"São Gabriel da Cachoeira, Amazonas, Brazil",,Estrada do Aeroporto,,São Gabriel da Cachoeira,Amazonas,BR,Brazil,69750-000,,-0.1510764,-66.9913,-240.0,
1273.0,CGB,SBCY,Marechal Rondon International Airport,"Cuiabá, Mato Grosso, Brazil",s/n,Avenida João Ponce de Arruda,,Várzea Grande,Mato Grosso,BR,Brazil,78110-900,+55 65 3614-2500,-15.653079,-56.117268,-240.0,http://www4.infraero.gov.br/aeroportos/aeroporto-internacional-de-cuiaba-marechal-rondon/
2810.0,HAN,VVNB,Noi Bai International Airport,"Hanoi, Vietnam",,,,Sóc Sơn,Hà Nội,VN,Vietnam,,+84 438865047,21.218716,105.80417,420.0,http://vietnamairport.vn/page/69/cang-hang-khong-san-bay/cang-hang-khong-quoc-te-noi-bai
7728.0,UBT,SDUB,Ubatuba Airport (Gastão Madeira Airport),"Ubatuba, São Paulo, Brazil",,,,,,,,,,0.0,0.0,0.0,
1309.0,CHR,LFLX,"Châteauroux-Centre ""Marcel Dassault"" Airport","Châteauroux, Centre-Val de Loire, France",,,,Indre,Centre-Val de Loire,FR,France,36130,+33 2 54 60 53 53,46.858067,1.722812,120.0,http://www.chateauroux-airport.com/
5836.0,PDP,SULS,Capitán de Corbeta Carlos A. Curbelo International Airport,"Punta del Este, Uruguay",,Ruta 113,Maldonado,,Departamento de Maldonado,UY,Uruguay,20100,+598 4255 9777,-34.86112,-55.098217,-180.0,http://www.puntadeleste.aero/
5773.0,PAP,MTPP,Toussaint L'Ouverture International Airport,"Port-au-Prince, Haiti",,Boulevard Toussaint Louverture,Port-au-Prince,,Ouest,HT,Haiti,,+509 48 65 6436,18.575655,-72.29489,-240.0,http://pap.aan-haiti.com/
4044.0,LAX,KLAX,Los Angeles International Airport,"Los Angeles, California, United States",1,World Way,Los Angeles,Los Angeles County,California,US,United States,90045,+1 855-463-5252,33.94159,-118.40853,-420.0,http://www.lawa.org/welcomelax.aspx
1429.0,CNF,SBCF,Tancredo Neves International Airport (Confins Int'l Airport),"Belo Horizonte, Minas Gerais, Brazil",s/n,LMG-800,,Confins,Minas Gerais,BR,Brazil,33500-900,+55 31 3689-2700,-19.634098,-43.965397,-180.0,http://www.bh-airport.com.br/
75.0,ADD,HAAB,Bole International Airport,"Addis Ababa, Ethiopia",,,Addis Ababa,North Shewa(R4),Oromia,ET,Ethiopia,,+251 11 665 6666,8.980069,38.79893,180.0,http://addisairport.com/
4308.0,LOS,DNMM,Murtala Muhammed International Airport,"Lagos, Nigeria",,,Lagos,,Lagos,NG,Nigeria,,+234 1 493 3385,6.5818186,3.3211348,60.0,http://www.faan.gov.ng/mmia/
4552.0,MCP,SBMQ,Alberto Alcolumbre International Airport,"Macapá, Amapá, Brazil",S/N,Rua Hildemar Maia,,Macapá,Amapá,BR,Brazil,68908-119,+55 96 3223-2323,0.0500081,-51.06711,-180.0,http://www4.infraero.gov.br/aeroportos/aeroporto-internacional-de-macapa-alberto-alcolumbre/
3301.0,ITB,SBIH,Itaituba Airport,"Itaituba, Pará, Brazil",,,,Itaituba,State of Pará,BR,Brazil,,,-4.245743,-56.006847,-180.0,
7106.0,SVO,UUEE,Sheremetyevo International Airport,"Moscow, Russia",,,Khimki,Gorod Khimki,Moscow Oblast,RU,Russia,141400,+7 495 578-65-65,55.973648,37.412502,180.0,http://www.svo.aero/
6385.0,RIA,SBSM,Santa Maria Airport,"Santa Maria, Rio Grande do Sul, Brazil",3249,Terminal Drive,Santa Maria,Santa Barbara County,California,US,United States,93455,+1 805-922-1726,34.89914,-120.44778,-420.0,http://www.santamariaairport.com/
6028.0,PNZ,SBPL,Senador Nilo Coelho Airport,"Petrolina, Pernambuco, Brazil",s/n,Rodovia BR 235 - km 11,,Petrolina,Pernambuco,BR,Brazil,56313-900,+55 87 3867-9600,-9.366508,-40.566074,-180.0,http://www.infraero.gov.br/
908.0,BPS,SBPS,Porto Seguro Airport,"Porto Seguro, Bahia, Brazil",68,Rua Primeiro de Maio,,Porto Seguro,Bahia,BR,Brazil,45810-000,+55 73 3288-1880,-16.439308,-39.081562,-180.0,http://www.aeroportoseguro.com.br/
2262.0,FCO,LIRF,Leonardo da Vinci–Fiumicino Airport,"Rome, Lazio, Italy",,Via dell' Aeroporto di Fiumicino,Fiumicino,Città Metropolitana di Roma,Lazio,IT,Italy,54,+39 06 65951,41.79989,12.246239,120.0,http://www.adr.it/
2761.0,GVR,SBGV,Coronel Altino Machado de Oliveira Airport,"Governador Valadares, Minas Gerais, Brazil",s/n,Avenida Industrial,,Governador Valadares,Minas Gerais,BR,Brazil,35040-260,+55 33 3277-3935,-18.897291,-41.986973,-180.0,
7487.0,TMT,SBTB,Porto Trombetas Airport,"Porto Trombetas / Oriximiná, Pará, Brazil",,Rua Barão do Rio Branco,,Oriximiná,Pará,BR,Brazil,68270-000,,-1.4855014,-56.390137,-180.0,
5647.0,ORD,KORD,O'Hare International Airport,"Chicago, Illinois, United States",10000,W O'Hare Ave,Chicago,,Illinois,US,United States,60666,+1 800-832-6352,41.974163,-87.90732,-300.0,http://www.flychicago.com/ohare/en/home/Pages/default.aspx
2695.0,GRU,SBGR,São Paulo–Guarulhos International Airport,"São Paulo, Brazil",s/nº,Rod. Hélio Smidt,,Guarulhos,São Paulo,BR,Brazil,07190-100,+55 11 2445-2945,-23.430573,-46.47304,-180.0,http://www.gru.com.br/
2732.0,GUA,MGGT,La Aurora International Airport,"Guatemala City, Guatemala",,,Guatemala City,,Guatemala Department,GT,Guatemala,,+502 2321 5000,14.584098,-90.52769,-360.0,http://www.dgac.gob.gt/
8338.0,XCR,LFOK,Châlons Vatry Airport,"Châlons-en-Champagne, Champagne-Ardenne, France",,Rue Louis Blériot,Bussy-Lettrée,Marne,Grand Est,FR,France,51320,+33 3 26 64 82 00,48.780754,4.189277,120.0,https://www.parisvatry.com/
146.0,AGT,SGES,Guaraní International Airport,"Ciudad del Este, Paraguay",,Ruta Internacional 7,Minga Guazú,Minga Guazú,Departamento de Alto Paraná,PY,Paraguay,,,-25.4555,-54.843594,-180.0,http://www.dinac.gov.py/
4689.0,MID,MMMD,Manuel Crescencio Rejón International Airport,"Mérida, Yucatán, Mexico",,,Mérida,,Yucatan,MX,Mexico,97291,+52 999 940 6090,20.933842,-89.660446,-300.0,http://www.asur.com.mx/
1033.0,BVH,SBVH,Vilhena Airport (Brigadeiro Camarão Airport),"Vilhena, Rondônia, Brazil",6650,Aeroporto Brigadeiro Camarão,,Vilhena,Rondônia,BR,Brazil,78995-000,+55 69 3321-5498,-12.689778,-60.100487,-240.0,
8778.0,YUL,CYUL,Montréal–Pierre Elliott Trudeau International Airport,"Montreal, Quebec, Canada",,,,Montreal,Quebec,CA,Canada,,+1 514-394-7377,45.465687,-73.74548,-240.0,http://www.admtl.com/
5163.0,NBO,HKJK,Jomo Kenyatta International Airport,"Nairobi, Kenya",,Embakasi,Nairobi,,Nairobi County,KE,Kenya,,+254 20 822111,-1.3227102,36.92607,180.0,https://www.kaa.go.ke/airports/nairobi-jomo-kenyatta-intl-airport
6647.0,SCL,SCEL,Comodoro Arturo Merino Benítez International Airport,"Santiago, Chile",,Aviador David Fuentes,Pudahuel,Santiago,Región Metropolitana,CL,Chile,,+56 2 2690 1752,-33.39051,-70.79381,-180.0,https://www.nuevopudahuel.cl/
2518.0,GEL,SBNM,Sepé Tiaraju Airport,"Santo Ângelo, Rio Grande do Sul, Brazil",s/n,"Rodovia RS-218, km 13",,Santo Ângelo,Rio Grande do Sul,BR,Brazil,,+55 55 3313-6617,-28.280348,-54.17094,-180.0,http://www.aviacao.gov.br/
280.0,ANF,SCFA,Cerro Moreno International Airport,"Antofagasta, Chile",,,Antofagasta,Antofagasta,Región de Antofagasta,CL,Chile,,+56 55 225 4998,-23.448818,-70.440865,-180.0,http://www.aeropuertoantofagasta.cl/
921.0,BQN,TJBQ,Rafael Hernández Airport,"Aguadilla, Puerto Rico, United States",,Hangar Road,Aguadilla Pueblo,,Aguadilla,PR,Puerto Rico,603,+1 787-890-6075,18.495396,-67.135574,-240.0,http://www.prpa.gobierno.pr/
268.0,AMS,EHAM,Amsterdam Airport Schiphol,"Amsterdam, Netherlands",202,Evert van de Beekstraat,Schiphol,Haarlemmermeer,Noord-Holland,NL,Netherlands,1118 CP,+31 20 794 0800,52.31054,4.7682743,120.0,http://www.schiphol.nl/
6557.0,RVD,SWLC,General Leite de Castro Airport,"Rio Verde, Goiás, Brazil",s/nº,Rua do Ipê,,Rio Verde,Goiás,BR,Brazil,75900-000,+55 64 3620-2125,-17.836782,-50.958645,-180.0,
2150.0,ERM,SSER,Erechim Airport,"Erechim, Rio Grande do Sul, Brazil",83,r Delmar Rigoni,,Erechim,Rio Grande do Sul,BR,Brazil,99700-000,+55 54 3522-8552,-27.659575,-52.276295,-180.0,
1367.0,CKS,SBCJ,Carajás Airport,"Parauapebas, Pará, Brazil",,,,Parauapebas,Pará,BR,Brazil,68515-000,+55 94 98403-1335,-6.114454,-50.001007,-180.0,http://www.infraero.gov.br/
7204.0,SZX,ZGSZ,Shenzhen Bao'an International Airport,"Shenzhen, Guangdong, China",,,Shenzhen,,Guangdong,CN,China,,+86 755 2345 6789,22.636827,113.814606,480.0,http://www.szairport.com/
6269.0,RAO,SBRP,Leite Lopes Airport,"Ribeirão Preto, São Paulo, Brazil",,Avenida Thomaz Alberto Whately,,Ribeirão Preto,São Paulo,BR,Brazil,14075-390,+55 16 3626-3376,-21.139164,-47.77657,-180.0,http://www.daesp.sp.gov.br/aeroporto-detalhe/?id=883
4424.0,LUX,ELLX,Luxembourg Findel Airport,"Luxembourg, Luxembourg",,,Luxembourg City,Luxembourg,Luxembourg District,LU,Luxembourg,2987,+352 24 640,49.6289,6.2147446,120.0,http://www.lux-airport.lu/
4624.0,MFM,VMMC,Macau International Airport,Macau,,,,,,MO,Macau,,+853 2886 1111,22.157835,113.576416,480.0,http://www.macau-airport.com/en
5861.0,PET,SBPK,João Simões Lopes Neto International Airport,"Pelotas, Rio Grande do Sul, Brazil",S/n,Avenida Zeferino Costa,,Pelotas,Rio Grande do Sul,BR,Brazil,96070-480,+55 53 3223-1227,-31.715822,-52.33069,-180.0,http://www.infraero.gov.br/
6294.0,RBR,SBRB,Plácido de Castro International Airport,"Rio Branco, Acre, Brazil",,,,,,,,,,0.0,0.0,0.0,
5852.0,PEI,SKPE,Matecaña International Airport,"Pereira, Colombia",,Vía Cerritos,Pereira,Pereira,Risaralda,CO,Colombia,660001,+57 6 3148151,4.81521,-75.73631,-300.0,http://www.aeromate.gov.co/
2787.0,GYN,SBGO,Santa Genoveva Airport,"Goiânia, Goiás, Brazil",s/n,Alameda 4,,Goiânia,Goiás,BR,Brazil,74672-410,+55 62 3265-1500,-16.632303,-49.216347,-180.0,http://www4.infraero.gov.br/aeroportos/aeroporto-de-goiania-santa-genoveva/
7818.0,UNA,SBTC,Una-Comandatuba Airport,"Una / Comandatuba Island, Bahia, Brazil",,,,Una,State of Bahia,BR,Brazil,45690-000,,-15.357702,-38.9957,-180.0,
1411.0,CMN,GMMN,Mohammed V International Airport,"Casablanca, Morocco",,,Nouaceur,,Casablanca-Settat,MA,Morocco,,+212 5223-39040,33.371754,-7.587027,60.0,
7717.0,UAQ,SANU,Domingo Faustino Sarmiento Airport,"San Juan, San Juan, Argentina",Km 12,Ruta Nacional 20,• San Juan,9 de Julio,San Juan,AR,Argentina,,+54 264 425-4133,-31.571814,-68.42257,-180.0,http://www.aa2000.com.ar/aeropuertos.aspx?qId=AA2000&qA=UAQ
693.0,BGX,SBBG,Comandante Gustavo Kraemer Airport,"Bagé, Rio Grande do Sul, Brazil",,,Bagé,Bagé,Rio Grande do Sul,BR,Brazil,,+55 53 3242-7702,-31.389591,-54.11207,-180.0,http://www4.infraero.gov.br/aeroportos/aeroporto-internacional-de-bage-comandante-gustavo-kraemer/
5794.0,PBM,SMJP,Johan Adolf Pengel International Airport,"Paramaribo, Suriname",,,Paramaribo,Zuid-Para,Para,SR,Suriname,,+597 401-348,5.456003,-55.200058,-180.0,https://www.japi-airport.com/
5640.0,OPO,LPPR,Francisco de Sá Carneiro Airport,"Porto, Portugal",,,Maia,,Porto District,PT,Portugal,4470-558,+351 22 943 2400,41.24212,-8.678552,60.0,http://www.ana.pt/pt-PT/Aeroportos/Porto/Porto/Paginas/HomePorto.aspx
4500.0,MAO,SBEG,Eduardo Gomes International Airport,"Manaus, Amazonas, Brazil",1350,Av. Santos Dumont,,Manaus,Amazonas,BR,Brazil,69041-000,+55 92 3652-1210,-3.0358474,-60.046326,-240.0,http://www4.infraero.gov.br/aeroportos/aeroporto-internacional-de-manaus-eduardo-gomes/
2224.0,EZE,SAEZ,Ministro Pistarini International Airport,"Buenos Aires, Argentina",,"Autopista Tte Gral. Ricchieri Km 33,5",Ezeiza,Ezeiza,Provincia de Buenos Aires,AR,Argentina,B1802,+54 11 5480-6111,-34.815006,-58.53483,-180.0,http://www.aa2000.com.ar/
4435.0,LVR,SILC,Bom Futuro Municipal Airport[2],"Lucas do Rio Verde, Mato Grosso, Brazil",s/n,Rod MT-449 KM 4,,Lucas do Rio Verde,Mato Grosso,BR,Brazil,78455-000,,-13.034962,-55.942123,-240.0,
5365.0,NRT,RJAA,Narita International Airport,"Tokyo, Honshu, Japan",,,Narita,,Chiba-ken,JP,Japan,282-0004,+81 476-34-8000,35.771988,140.39285,540.0,http://www.narita-airport.jp/jp/index.html
4489.0,MAD,LEMD,Adolfo Suárez Madrid–Barajas Airport,"Madrid, Spain",s/n,Avenida de la Hispanidad,Madrid,Madrid,Comunidad de Madrid,ES,Spain,28042,+34 913 21 10 00,40.498333,-3.567598,120.0,http://www.aena.es/es/aeropuerto-madrid-barajas/index.html
1561.0,CTP,SNCP,Carutapera Airport,"Carutapera, Maranhão, Brazil",,,,,,,,,,0.0,0.0,0.0,
2782.0,GYE,SEGU,José Joaquín de Olmedo International Airport,"Guayaquil, Ecuador",,Avenida de Las Américas,Guayaquil,,Guayas,EC,Ecuador,90513,+593 4-216-9000,-2.1480534,-79.8842,-300.0,http://www.tagsa.aero/
7019.0,SSA,SBSV,Deputado Luís Eduardo Magalhães International Airport,"Salvador, Bahia, Brazil",,,,Salvador,Bahia,BR,Brazil,41520-970,+55 71 3204-1010,-12.911098,-38.33124,-180.0,http://www4.infraero.gov.br/aeroportos/aeroporto-internacional-de-salvador-dep-luis-eduardo-magalhaes
6045.0,POS,TTPP,Piarco International Airport,"Port of Spain, Trinidad and Tobago",,Golden Grove Road,Piarco,,Tunapuna/Piarco Regional Corporation,TT,Trinidad and Tobago,,+1 868-669-4880,10.597696,-61.339527,-240.0,http://www.tntairports.com/piarco/index.html
3297.0,IST,LTBA,Istanbul Atatürk Airport,"Istanbul, Turkey",,,,Bakırköy,Istanbul,TR,Turkey,34149,+90 212 463 30 00,40.98299,28.810442,180.0,http://www.ataturkairport.com/
112.0,AEX,KAEX,Alexandria International Airport,"Alexandria, Louisiana, United States",1100,Frank Andrews Boulevard,Alexandria,Rapides Parish,Louisiana,US,United States,71303,+1 318-449-3504,31.327412,-92.54519,-300.0,http://www.englandairpark.org/aex
1745.0,DFW,KDFW,Dallas/Fort Worth International Airport,"Dallas / Fort Worth, Texas, United States",2400,Aviation Drive,DFW Airport,,Texas,US,United States,75261,+1 972-973-3112,32.89981,-97.04034,-300.0,http://www.dfwairport.com/
425.0,AUA,TNCA,Queen Beatrix International Airport,"Aruba, Kingdom of the Netherlands",,,Oranjestad,,,AW,Aruba,,+297 524 2424,12.501594,-70.01199,-240.0,http://www.airportaruba.com/
2279.0,FEN,SBFN,Fernando de Noronha Airport (Gov. Carlos Wilson Airport),"Fernando de Noronha, Pernambuco, Brazil",,,,Fernando de Noronha,State of Pernambuco,BR,Brazil,53990-000,,-3.8546145,-32.424385,-120.0,
2634.0,GNM,SNGI,Guanambi Airport,"Guanambi, Bahia, Brazil",1001,Avenida Um,,Guanambi,Bahia,BR,Brazil,46430-000,+55 77 3451-1854,-14.208975,-42.749092,-180.0,
3395.0,JDO,SBJU,Juazeiro do Norte Airport,"Juazeiro do Norte, Ceará, Brazil",4000,Avenida Virgílio Távora,,Juazeiro do Norte,Ceará,BR,Brazil,63020-735,+55 88 3311-6500,-7.2150974,-39.27223,-180.0,http://www4.infraero.gov.br/aeroportos/aeroporto-de-juazeiro-do-norte-orlando-bezerra-de-menezes/
7994.0,VIX,SBVT,Eurico de Aguiar Salles Airport,"Vitória, Espírito Santo, Brazil",3800,Avenida Fernando Ferrari,,Vitória,Espírito Santo,BR,Brazil,29075-920,+55 27 3235-6300,-20.257648,-40.283535,-180.0,http://www.infraero.gov.br/index.php/br/aeroportos/espirito-santo/aeroporto-de-vitoria-eurico-de-aguiar-salles-vitoria-es.html
3354.0,IZA,SBZM,Presidente Itamar Franco Airport (Zona da Mata Regional Airport),"Juiz de Fora, Minas Gerais, Brazil",S/N,"Rodovia MG 353, Klm 38",,Goianá,Minas Gerais,BR,Brazil,36150-000,+55 32 3274-6200,-21.510195,-43.16205,-180.0,http://www.cazm.com.br/
3491.0,JTC,SBAE,Moussa Nakhl Tobias–Bauru/Arealva State Airport,"Bauru, São Paulo, Brazil","km 5,5",Estrada Municipal Murilo Vilaça Maringoni,,Bauru,São Paulo,BR,Brazil,17022-895,+55 14 3277-6633,-22.165993,-49.07217,-180.0,http://www.daesp.sp.gov.br/aeroporto-detalhe/?id=851
277.0,ANC,PANC,Ted Stevens Anchorage International Airport,"Anchorage, Alaska, United States",5000,West International Airport Road,Anchorage,Anchorage,Alaska,US,United States,99502,+1 907-266-2526,61.175888,-149.99008,-480.0,http://dot.state.ak.us/anc/
3098.0,IAD,KIAD,Washington Dulles International Airport,"Washington, D.C.,1 United States",1,Saarinen Circle,Dulles,,Virginia,US,United States,20166,+1 703-572-2700,38.953117,-77.456535,-240.0,http://www.mwaa.com/dulles/dulles.htm
6759.0,SHJ,OMSJ,Sharjah International Airport,"Sharjah, United Arab Emirates",,,Sharjah,,Sharjah,AE,United Arab Emirates,,+971 6 558 1111,25.328436,55.512257,240.0,http://www.sharjahairport.ae/
6815.0,SJP,SBSR,Prof. Eribelto Manoel Reino State Airport,"São José do Rio Preto, São Paulo, Brazil",3505,Avenida dos Estudantes,,São José do Rio Preto,São Paulo,BR,Brazil,15035-010,+55 17 3233-1919,-20.812494,-49.404926,-180.0,http://www.daesp.sp.gov.br/aeroporto-detalhe/?id=889
2371.0,FRA,EDDF,Frankfurt Airport,"Frankfurt, Hessen, Germany",,,Frankfurt,Darmstadt,Hesse,DE,Germany,60547,+49 180 6 3724636,50.037933,8.562152,120.0,http://www.frankfurt-airport.de/
939.0,BRM,SVBM,Jacinto Lara International Airport,"Barquisimeto, Venezuela",,Avenida la Salle y Avenida Vicente Landaeta,Barquisimeto,Iribarren,Lara,VE,Venezuela,3001,+58 251-7188379,10.046086,-69.35981,-240.0,http://aijl.baer.gob.ve/
1491.0,CPV,SBKG,Campina Grande Airport (Presidente João Suassuna Airport),"Campina Grande, Paraíba, Brazil",S/N,Avenida Uberaba,,Campina Grande,Paraíba,BR,Brazil,58418-410,+55 83 3332-9023,-7.2688785,-35.89402,-180.0,http://www4.infraero.gov.br/aeroportos/aeroporto-de-campina-grande-presidente-joao-suassuna
369.0,ARU,SBAU,Araçatuba Airport,"Araçatuba, São Paulo, Brazil",,Via de Acesso Olegário Ferraz,,Araçatuba,São Paulo,BR,Brazil,16052-800,+55 18 3621-3001,-21.13759,-50.425983,-180.0,http://www.daesp.sp.gov.br/aeroporto-detalhe/?id=841
2520.0,GEO,SYCJ,Cheddi Jagan International Airport,"Georgetown, Guyana",,Timeri,East Bank Demerara,,Demerara-Mahaica,GY,Guyana,,+592 261 2281,6.503833,-58.25308,-240.0,http://www.cjairport-gy.com/
7331.0,TFS,GCTS,Tenerife–South Airport (Reina Sofia Airport),"Tenerife, Canary Islands, Spain",,,,Santa Cruz de Tenerife,Canary Islands,ES,Spain,38610,+34 913 21 10 00,28.046757,-16.57253,60.0,http://www.aena-aeropuertos.es/csee/Satellite/Aeropuerto-Tenerife-Sur/en/
7348.0,TGQ,SWTS,Tangará da Serra Airport,"Tangará da Serra, Mato Grosso, Brazil",,,,Tangará da Serra,State of Mato Grosso,BR,Brazil,78300-000,+55 65 3311-4800,-14.657461,-57.445904,-240.0,http://www.tangaradaserra.mt.gov.br/
1158.0,CAW,SBCP,Bartolomeu Lysandro Airport,"Campos dos Goytacazes, Rio de Janeiro, Brazil",36-44,Estrada Brejo Grande,,Campos dos Goytacazes,Rio de Janeiro,BR,Brazil,28093,+55 22 2733-5022,-21.701117,-41.308186,-180.0,http://www.infraero.gov.br/
1427.0,CND,LRCK,Mihail Kogălniceanu International Airport,"Constanța, Romania",,Strada Tudor Vladimirescu,,Comuna Mihail Kogălniceanu,Județul Constanța,RO,Romania,907195,+40 241 255 100,44.35013,28.481815,180.0,http://www.mk-airport.ro/
5868.0,PFB,SBPF,Lauro Kurtz Airport,"Passo Fundo, Rio Grande do Sul, Brazil",,Rodovia BR 285,,Passo Fundo,Rio Grande do Sul,BR,Brazil,,+55 54 3313-6566,-28.242554,-52.329823,-180.0,http://www.passofundo.rs.gov.br/
3263.0,IQQ,SCDA,Diego Aracena International Airport,"Iquique, Chile",,1,,Iquique,Región de Tarapacá,CL,Chile,,,-20.536407,-70.18052,-180.0,http://www.aeropuertodiegoaracena.cl/
6150.0,PTY,MPTO,Tocumen International Airport,"Panama City, Panama",,Avenida Domingo Díaz,Panamá,Panamá,Panamá,PA,Panama,,+507 238-2700,9.066701,-79.387375,-300.0,http://www.tocumenpanama.aero/
2563.0,GIG,SBGL,Rio de Janeiro–Galeão International Airport,"Rio de Janeiro, Brazil",s/nº,Av. Vinte de Janeiro,,Rio de Janeiro,Rio de Janeiro,BR,Brazil,21941-900,+55 21 3004-6050,-22.805265,-43.25663,-180.0,http://www.riogaleao.com/
6245.0,QSC,SDSC,Mário Pereira Lopes Airport,"São Carlos, São Paulo, Brazil",,,,,,,,,,0.0,0.0,0.0,
1156.0,CAU,SNRU,Caruaru Airport (Oscar Laranjeiras Airport),"Caruaru, Pernambuco, Brazil",,Avenida Dr Oscár Laranjeira neto,,Caruaru,Pernambuco,BR,Brazil,,,-8.282731,-36.012905,-180.0,
4555.0,MCT,OOMS,Muscat International Airport,"Muscat, Oman",,,Muscat,,Muscat Governorate,OM,Oman,,+968 24 519223,23.60135,58.290123,240.0,https://www.omanairports.co.om/
4317.0,LPB,SLLP,El Alto International Airport,"La Paz, Bolivia",,,El Alto,,La Paz Department,BO,Bolivia,,+591 2 2157300,-16.510248,-68.18829,-240.0,
5771.0,PAN,VTSK,Pattani Airport,"Pattani, Thailand",,,Bo Thong,Nong Chik District,Pattani,TH,Thailand,94170,+66 73 341 301,6.7860346,101.15174,420.0,http://minisite.airports.go.th/pattani/
1041.0,BVS,SNVS,Breves Airport,"Breves, Pará, Brazil",,,,,,,,,,0.0,0.0,0.0,
628.0,BEG,LYBE,Belgrade Nikola Tesla Airport,"Belgrade, Serbia",,,Beograd,Grad Beograd,,RS,Serbia,11180,+381 11 2094444,44.8205,20.29169,120.0,http://www.beg.aero/
1399.0,CMB,VCBI,Bandaranaike International Airport,"Colombo, Sri Lanka",,Canada Friendship Rd,කටුනායක,ගම්පහ,"බස්නාහිර පළාත, ශ් රී ලංකාව",LK,Sri Lanka,11450,+94 112 264 444,7.1801553,79.884254,330.0,http://www.airport.lk/
1481.0,CPH,EKCH,"Copenhagen Airport, Kastrup","Copenhagen, Denmark",6,Lufthavnsboulevarden,Kastrup,,,DK,Denmark,2770,+45 32 31 32 31,55.618023,12.650763,120.0,https://cph.dk/
4952.0,MST,EHBK,Maastricht Aachen Airport,"Maastricht, Netherlands",90,Vliegveldweg,Maastricht-Airport,Beek,Limburg,NL,Netherlands,6199 AD,+31 43 358 9898,50.913685,5.773359,120.0,http://www.maa.nl/
7740.0,UDI,SBUL,Ten. Cel. Av. César Bombonato Airport,"Uberlândia, Minas Gerais, Brazil",100,Praça José Alves dos Santos,,Uberlândia,Minas Gerais,BR,Brazil,38406,+55 34 3233-5420,-18.88897,-48.230865,-180.0,http://www4.infraero.gov.br/aeroportos/aeroporto-de-uberlandia-ten-cel-aviador-cesar-bombonato/
199.0,AJU,SBAR,Santa Maria Airport,"Aracaju, Sergipe, Brazil",3249,Terminal Drive,Santa Maria,Santa Barbara County,California,US,United States,93455,+1 805-922-1726,34.89914,-120.44778,-420.0,http://www.santamariaairport.com/
2912.0,HKG,VHHH,Hong Kong International Airport (Chek Lap Kok Airport),Hong Kong,1,Sky Plaza Road,,,New Territories,HK,Hong Kong,,+852 2181 8888,22.308046,113.91848,480.0,http://www.hongkongairport.com/
633.0,BEL,SBBE,Val de Cans International Airport,"Belém, Pará, Brazil",s/n,Avenida Júlio César,,Belém,Pará,BR,Brazil,66115-970,+55 91 3210-6000,-1.3820615,-48.477524,-180.0,http://www4.infraero.gov.br/aeroportos/aeroporto-internacional-de-belem-val-de-cans-julio-cezar-ribeiro/
1138.0,CAC,SBCA,Cascavel Airport (Adalberto Mendes da Silva Airport),"Cascavel, Paraná, Brazil",S/n,Avenida Itelo Webber,,Cascavel,Paraná,BR,Brazil,85804-810,+55 45 3228-2499,-25.001816,-53.50192,-180.0,http://www.cettrans.com.br/aeroporto.php
4838.0,MOC,SBMK,Montes Claros/Mário Ribeiro Airport,"Montes Claros, Minas Gerais, Brazil",,Avenida Comandante João Milton,,Montes Claros,Minas Gerais,BR,Brazil,39404-844,+55 38 3229-1200,-16.704617,-43.820087,-180.0,http://www4.infraero.gov.br/aeroportos/aeroporto-de-montes-claros-mario-ribeiro/
1669.0,CZS,SBCZ,Cruzeiro do Sul International Airport,"Cruzeiro do Sul, Acre, Brazil",,,,Cruzeiro do Sul,Acre,BR,Brazil,69980-970,+55 68 3311-1900,-7.598349,-72.77343,-300.0,http://www4.infraero.gov.br/aeroportos/aeroporto-internacional-cruzeiro-do-sul/
182.0,AIR,SSOU,Aripuanã Airport,"Aripuanã, Mato Grosso, Brazil",,Rua Beira Rio,,Colniza,Mato Grosso,BR,Brazil,78335-000,,-9.450131,-59.201378,-240.0,
8132.0,WDH,FYWH,Hosea Kutako International Airport,"Windhoek, Namibia",,,,,Khomas Region,NA,Namibia,,+264 61 295 5600,-22.484776,17.470316,120.0,http://www.airports.com.na/airports/hosea-kutako-international-airport/12/
6820.0,SJU,TJSJ,Luis Muñoz Marín International Airport,"San Juan, Puerto Rico",,Avenida Aeropuerto,Carolina,,Carolina,PR,Puerto Rico,979,+1 787-253-2329,18.437422,-66.00162,-240.0,http://aeropuertosju.com/en/
8291.0,WUH,ZHHH,Wuhan Tianhe International Airport,"Wuhan, Hubei, China",,,Wuhan,,Hubei,CN,China,,+86 27 96577,30.776617,114.21245,480.0,
7410.0,TJL,SBTG,Plínio Alarcom Airport,"Três Lagoas, Mato Grosso do Sul, Brazil",,Avenida Antônio Trajano,,Três Lagoas,Mato Grosso do Sul,BR,Brazil,,,-20.753672,-51.68211,-240.0,
431.0,AUH,OMAA,Abu Dhabi International Airport,"Abu Dhabi, United Arab Emirates",,,Abu Dhabi,,Abu Dhabi,AE,United Arab Emirates,,+971 2 505 5555,24.441938,54.650074,240.0,http://www.abudhabiairport.ae/
3166.0,IGU,SBFI,Foz do Iguaçu International Airport,"Foz do Iguaçu, Paraná, Brazil",,,,Foz do Iguaçu,Paraná,BR,Brazil,85863-900,+55 45 3521-4200,-25.59771,-54.488514,-180.0,http://www4.infraero.gov.br/aeroportos/aeroporto-internacional-de-foz-do-iguacu-cataratas/contato/
1404.0,CMG,SBCR,Corumbá International Airport,"Corumbá, Mato Grosso do Sul, Brazil",S/n,Rua Santos Dumont,,Corumbá,Mato Grosso do Sul,BR,Brazil,79332-150,+55 67 3231-3322,-19.013786,-57.66343,-240.0,http://www4.infraero.gov.br/aeroportos/aeroporto-internacional-de-corumba/
6995.0,SRA,SSZR,Santa Rosa Airport,"Santa Rosa, Rio Grande do Sul, Brazil",2200,Airport Boulevard,Santa Rosa,Sonoma County,California,US,United States,95403,+1 707-565-7240,38.50923,-122.813255,-420.0,http://www.sonomacountyairport.org/
877.0,BOG,SKBO,El Dorado International Airport,"Bogotá, Colombia",,,,,Bogotá,CO,Colombia,,+57 1 2662000,4.7014127,-74.14449,-300.0,http://www.eldorado.aero/
3163.0,IGR,SARI,Cataratas del Iguazú International Airport,"Puerto Iguazú, Misiones, Argentina",101,Camino Anexo Ruta Provincial,,Iguazú,Misiónes,AR,Argentina,N3370,+54 3757 42-1996,-25.731777,-54.47618,-180.0,http://www.aa2000.com.ar/iguazu
6126.0,PSW,SNOS,Passos Airport,"Passos, Minas Gerais, Brazil",,,,Passos,State of Minas Gerais,BR,Brazil,,+55 35 3526-7688,-20.734102,-46.6587,-180.0,
4487.0,MAB,SBMA,João Correa da Rocha Airport,"Marabá, Pará, Brazil",,,,Marabá,Pará,BR,Brazil,,+55 94 3324-1383,-5.3715158,-49.13676,-180.0,http://www4.infraero.gov.br/aeroportos/aeroporto-de-maraba-joao-correa-da-rocha/
4181.0,LHR,EGLL,Heathrow Airport,"London, England, United Kingdom",,,Longford,Greater London,England,GB,United Kingdom,,+44 844 335 1801,51.470024,-0.4542955,60.0,http://www.heathrow.com/
1279.0,CGH,SBSP,São Paulo–Congonhas Airport,"São Paulo, São Paulo, Brazil",s/nº,Avenida Washington Luís,,São Paulo,São Paulo,BR,Brazil,04626-911,+55 11 5090-9000,-23.627325,-46.656586,-180.0,http://www.infraero.com.br/index.php/br/aeroportos/sao-paulo/aeroporto-de-sao-paulo-congonhas.html
5894.0,PHB,SBPB,Parnaíba-Prefeito Dr. João Silva Filho International Airport,"Parnaíba, Piauí, Brazil",s/n,Rodovia BR-343,,Parnaíba,Piauí,BR,Brazil,64206-260,+55 86 3315-3300,-2.895248,-41.729797,-180.0,http://www4.infraero.gov.br/aeroportos/aeroporto-internacional-de-parnaiba-prefeito-dr-joao-silva-filho/
761.0,BJP,SBBP,Arthur Siqueira–Bragança Paulista State Airport,"Bragança Paulista, São Paulo, Brazil",1,Avenida São Francisco de Assis,,Bragança Paulista,São Paulo,BR,Brazil,12900-000,+55 11 4034-7616,-22.982595,-46.537125,-180.0,
4597.0,MEL,YMML,Melbourne Airport,"Melbourne, Victoria, Australia",,Departure Dr,Melbourne Airport,Hume City,Victoria,AU,Australia,3045,+61 3 9297 1600,-37.669014,144.84103,660.0,http://www.melbourneairport.com.au/
6992.0,SQX,SSOE,Hélio Wasum Airport,"São Miguel do Oeste, Santa Catarina, Brazil",,,,São Miguel do Oeste,State of Santa Catarina,BR,Brazil,89900-000,,-26.778214,-53.50558,-180.0,
1613.0,CWB,SBCT,Afonso Pena International Airport,"Curitiba, Paraná, Brazil",,Av. Rocha Pombo,,São José dos Pinhais,Paraná,BR,Brazil,83010-900,+55 41 3381-1515,-25.532713,-49.17248,-180.0,http://www.infraero.gov.br/index.php/br/aeroportos/parana/aeroporto-afonso-pena.html
8947.0,ZRH,LSZH,Zürich Airport,"Zürich, Switzerland",,,Zürich-Flughafen,,Zürich,CH,Switzerland,8058,+41 43 816 22 11,47.458218,8.555475,120.0,https://www.flughafen-zuerich.ch/
1956.0,DXB,OMDB,Dubai International Airport,"Dubai, United Arab Emirates",,,Dubai,,Dubai,AE,United Arab Emirates,,+971 4 224 5555,25.253174,55.365673,240.0,http://www.dubaiairports.ae/
1584.0,CUN,MMUN,Cancún International Airport,"Cancún, Quintana Roo, Mexico",,Carretera Cancún-Chetumal Km 22,Cancún,,Quintana Roo,MX,Mexico,77565,+52 55 5284 0400,21.04034,-86.873566,-300.0,http://www.asur.com.mx/
1284.0,CGN,EDDK,Cologne Bonn Airport,"Cologne / Bonn, North Rhine-Westphalia, Germany",,Kennedystraße,Köln,Köln,Nordrhein-Westfalen,DE,Germany,51147,+49 2203 404001,50.870716,7.140734,120.0,https://www.koeln-bonn-airport.de/
7638.0,TUC,SANT,Teniente General Benjamín Matienzo International Airport,"San Miguel de Tucumán, Tucumán, Argentina",,Delfin Gallo,San Miguel de Tucumán,Cruz Alta,Tucumán,AR,Argentina,T4117,+54 381 426-5072,-26.835888,-65.10836,-180.0,http://www.aa2000.com.ar/tucuman
2151.0,ERN,SWEI,Eirunepé Airport (Amaury Feitosa Tomaz Airport),"Eirunepé, Amazonas, Brazil",,,,Eirunepé,Amazonas,BR,Brazil,69880-000,+55 32 99107-5288,-6.6368523,-69.88315,-240.0,
718.0,BHX,EGBB,Birmingham Airport,"Birmingham, England, United Kingdom",,,,West Midlands,England,GB,United Kingdom,B26 3QJ,+44 871 222 0072,52.45238,-1.7435071,60.0,http://www.birminghamairport.co.uk/
