razão_social,cnpj,atividades_aéreas,endereço_sede,telefone,e_mail,decisão_operacional,data_decisão_operacional,validade_operacional,icao,iata
ABSA - AEROLINHAS BRASILEIRAS S.A.,00.074.635/0001-33,TRANSPORTE AÉREO REGULAR,"AEROPORTO INTERNACIONAL DE VIRACOPOS, RODOVIA SANTOS DUMONT, KM 66, SISTEMA VIÁRIO PRINCIPAL, S/ Nº, 13.052-970, CAMPINAS-SP",(11) 5582-8055,gar@tam.com.br,DECISÃO Nº 41,22/04/2015,23/04/2025,LTG,M3
AEROSUL TÁXI AÉREO LTDA (EX.: AUSTEN TÁXI AÉREO LTDA),27.315.694/0001-02,"SERVIÇOS AÉREOS PÚBLICOS, TÁXI-AÉREO, TRANSPORTE AÉREO NÃO REGULAR, TRANSPORTE AÉREO REGULAR","RODOVIA PR 218, KM 7, JARDIM UNIVERSITÁRIO, AEROPORTO MUNICIPAL ALBERTO BERTELLI , 86.702-670, ARAPONGAS-PR",(43) 3176-4030,operacoes@aerosul.com.br,DECISÃO Nº 282,10/02/2021,,ASO,2S
ASTA LINHAS AÉREAS LTDA ( EX - AMÉRICA DO SUL LINHAS AÉREAS LTDA.),12.703.737/0001-50,"SERVIÇOS AÉREOS PÚBLICOS, TRANSPORTE AÉREO REGULAR","AV GOVERNADOR JOÃO PONCE DE ARRUDA, S/N, HANGAR AMÉRICA DO SUL ANEXO AO AEROP. MAL RONDON. CAIXA POSTAL N° 156, NO BAIRRO CENTRO-NORTE, 78.110-900, VÁRZEA GRANDE-MT",(65) 3614-2684 / (18) 2104-1000,,DECISÃO Nº 115,31/07/2019,02/08/2024,SUL,0A
ATA - AEROTÁXI ABAETÉ LTDA.,14.674.451/0001-19,"TÁXI-AÉREO, TRANSPORTE AÉREO NÃO REGULAR, TRANSPORTE AÉREO REGULAR"," PÇA. GAGO COUTINHO, S/N, AEROPORTO INTERNACIONAL DE SALVADOR DEPUTADO LUÍS EDUARDO MAGALHÃES - HANGAR - AEROPORTO, 41.510-045, SALVADOR-BA",(71) 34629600 / (71) 996643563,guilherme@abaete.com.br     ,DECISÃO Nº 36,05/03/2020,,ABJ,
AZUL CONECTA LTDA. (EX TWO TAXI AEREO LTDA),04.263.318/0001-16,TRANSPORTE AÉREO REGULAR,"AVENIDA EMILIO ANTONON, 901, BAIRRO CHÁCARA AEROPORTO, 13.212-010, JUNDIAÍ-SP",(11) 45822355/ (11) 987433988,,"Decisão nº 14, de 25/01/2018",25/01/2018,29/01/2028,ACN,2F
AZUL LINHAS AÉREAS BRASILEIRAS S/A,09.296.295/0001-60,TRANSPORTE AÉREO REGULAR,"AV. MARCOS PENTEADO ULHÔA RODRIGUES,N°939, 9° ANDAR TORRE JATOBÁ, COND. CASTELO BRANCO OFFICE PARK - TAMBORÉ, 06.460-040, BARUERI-SP", (55) (11) 4134-9887 | Fax: (55)(11)4134-9890,vanessa.reis@voeazul.com.br,Decisão nº 178,20/11/2018,21/11/2028,AZU,AD
GOL LINHAS AÉREAS S.A. (EX- VRG LINHAS AÉREAS S.A.),07.575.651/0001-59,TRANSPORTE AÉREO REGULAR,"PRAÇA SENADOR SALGADO FILHO, S/N°, AEROPORTO SANTOS DUMONT, TÉRREO, ÁREA PÚBLICA, ENTRE OS EIXOS 46-48/0-P, 20.021-340, RIO DE JANEIRO-RJ",(11) 5098-2990 / (11) 5098-7872,rddfonseca@voegol.com.br  ,DECISÃO Nº 156,05/11/2019,,GLO,G3
MAP TRANSPORTES AÉREOS LTDA.,10.483.635/0001-40,TRANSPORTE AÉREO REGULAR,"AVENIDA SANTOS DUMONT, Nº 1350, AEROPORTO INTERNACIONAL DE MANAUS EDUARDO GOMES - SAGUÃO DE EMBARQUE DO TPS I - HANGAR I, BAIRRO TARUMÃ, 69.041-000, MANAUS-AM",(92) 36521620,contabil@voemap.com.br,DECISÃO Nº 89,14/08/2012,17/08/2022,PAM,7M
MODERN TRANSPORTE AEREO DE CARGA S.A,03.887.831/0001-15,TRANSPORTE AÉREO REGULAR,"AVENIDA PREFEITO LUIZ LATORRE, Nº 9450, CONDOMINIO MASTER BUSINESS PARK, GALPÃO 17, SALA 1, VILA DAS HORTÊNCIAS, 13.209-430, JUNDIAÍ-SP",(21) 2272-9272 / (11) 31096750,juridico@modern.com.br,DECISÃO Nº 79,31/05/2017,02/06/2027,MWM,WD
PASSAREDO TRANSPORTES AÉREOS S.A.,00.512.777/0001-35,TRANSPORTE AÉREO REGULAR,"SETOR DE HANGARES. ENTRADA PELA AV. THOMAZ ALBERTO WHATELY S/Nº, LOTES 14,16,20 E 22 AEROPORTO LEITE LOPES - JARDIM AEROPORTO, 14.078-550, RIBEIRÃO PRETO-SP",(16) 3514-7127 / (16) 3514-7126,juridico@voepass.com.br ,DECISÃO Nº 105,09/06/2020,,PTB,2Z
SIDERAL LINHAS AÉREAS LTDA.,10.919.908/0001-57,"TRANSPORTE AÉREO NÃO REGULAR, TRANSPORTE AÉREO REGULAR","RODOVIA CONTORNO LESTE BR-116, Nº 9.119, 3º ANDAR, SALA 01, BAIRRO COSTEIRA. CAIXA POSTAL Nº 1054, 83.015-162, SÃO JOSÉ DOS PINHAIS-PR",(41) 3116-9000 / (41) 3116-9059,office@siderallinhasaereas.com.br  ,DECISÃO Nº 37,05/03/2020,06/03/2025,SID,0S
TAM LINHAS AÉREAS S.A.,02.012.862/0001-60,TRANSPORTE AÉREO REGULAR,"RUA ÁTICA , N° 673, 6ª ANDAR, SALA 62, JARDIM BRASIL, 04.634-042, SÃO PAULO-SP",(11) 5582-8055 / (11) 5582-8050,gar@tam.com.br   ,DECISÃO Nº 366,07/07/2021,09/11/2031,TAM,JJ
TOTAL LINHAS AÉREAS S.A.,32.068.363/0001-55,"SERVIÇOS AÉREOS PÚBLICOS, TRANSPORTE AÉREO REGULAR","AV. SENADOR SALGADO FILHO, 5397 SALA D - BAIRRO UBERABA, 81.580-000, CURITIBA-PR",(41) 3371-8200 / (31) 3343-8600,geraldo.antonio@total.com.br   ,DECISÃO Nº 260,12/01/2021,14/01/2031,TTL,L1
AEROSUL TÁXI AÉREO LTDA (EX.: AUSTEN TÁXI AÉREO LTDA),27.315.694/0001-02,"SERVIÇOS AÉREOS PÚBLICOS, TÁXI-AÉREO, TRANSPORTE AÉREO NÃO REGULAR, TRANSPORTE AÉREO REGULAR","RODOVIA PR 218, KM 7, JARDIM UNIVERSITÁRIO, AEROPORTO MUNICIPAL ALBERTO BERTELLI , 86.702-670, ARAPONGAS-PR",(43) 3176-4030,operacoes@aerosul.com.br,DECISÃO Nº 282,10/02/2021,,ASO,2S
ATA - AEROTÁXI ABAETÉ LTDA.,14.674.451/0001-19,"TÁXI-AÉREO, TRANSPORTE AÉREO NÃO REGULAR, TRANSPORTE AÉREO REGULAR"," PÇA. GAGO COUTINHO, S/N, AEROPORTO INTERNACIONAL DE SALVADOR DEPUTADO LUÍS EDUARDO MAGALHÃES - HANGAR - AEROPORTO, 41.510-045, SALVADOR-BA",(71) 34629600 / (71) 996643563,guilherme@abaete.com.br     ,DECISÃO Nº 36,05/03/2020,,ABJ,
OMNI TÁXI AÉREO S.A.,03.670.763/0001-38,"AEROFOTOGRAFIA, AEROINSPEÇÃO, SERVIÇOS AÉREOS PÚBLICOS, TÁXI-AÉREO, TRANSPORTE AÉREO NÃO REGULAR","AV. AYRTON SENNA, 2541 RUA F1 LOTE 40 - AEROPORTO DE JACAREPAGUÁ - BARRA DA TIJUCA, 22.775-002, RIO DE JANEIRO-RJ",(61) 98335-3444,lira@plfconsultoria.com.br,DECISÃO Nº 100,10/07/2019,12/07/2024,OMI,O1
PRIME TÁXI AIR LTDA,23.568.370/0001-25,"TÁXI-AÉREO, TRANSPORTE AÉREO NÃO REGULAR, SERVIÇOS AÉREOS PÚBLICOS","AL. RIO NEGRO, 585 - BLOCO A - CJ.95 - SALA E, 06.454-000, BARUERI-SP",(11) 41958307 / (11) 41958308,mmatta@primefractionclub.com.br,DECISÃO Nº 237,17/12/2020,18/12/2025,nan,
SIDERAL LINHAS AÉREAS LTDA.,10.919.908/0001-57,"TRANSPORTE AÉREO NÃO REGULAR, TRANSPORTE AÉREO REGULAR","RODOVIA CONTORNO LESTE BR-116, Nº 9.119, 3º ANDAR, SALA 01, BAIRRO COSTEIRA. CAIXA POSTAL Nº 1054, 83.015-162, SÃO JOSÉ DOS PINHAIS-PR",(41) 3116-9000 / (41) 3116-9059,office@siderallinhasaereas.com.br  ,DECISÃO Nº 37,05/03/2020,06/03/2025,SID,0S
RIMA - RIO MADEIRA AEROTÁXI LTDA.,04.778.630/0001-42,"LIGAÇÃO AÉREA SISTEMÁTICA REGULAR, TÁXI-AÉREO","AV. LAURO SODRÉ, Nº 6490 - AEROPORTO INTERNACIONAL DE PORTO VELHO - LOJA 04, 76.803-260, PORTO VELHO-RO",(69) 3225-8000,,DECISÃO Nº 116,26/07/2017,27/07/2022,RIM,0R
RTS - ROTA DO SOL TÁXI AÉREO LTDA.,01.904.715/0001-31,"LIGAÇÃO AÉREA SISTEMÁTICA REGULAR, SERVIÇOS AÉREOS PÚBLICOS, TÁXI-AÉREO","PRAÇA EDUARDO GOMES, S/Nº, TERMINAL DE AVIAÇÃO GERAL, SALA 013 - BAIRRO VILA UNIÃO, 60.422-721, FORTALEZA-CE",(85) 3272-3555,quadros@voerotadosol.com,DECISÃO Nº 21,13/02/2019,15/02/2024,CKP,
